<?xml version="1.0" encoding="UTF-8"?>
<metadata xml:lang="zh"><Esri><CreaDate>20200302</CreaDate><CreaTime>15084800</CreaTime><ArcGISFormat>1.0</ArcGISFormat><SyncOnce>TRUE</SyncOnce><DataProperties><lineage><Process ToolSource="d:\softwares\arcgis\desktop10.2\ArcToolbox\Toolboxes\Data Management Tools.tbx\CalculateField" Date="20200220" Time="161414">CalculateField Country Country_CH '伊朗' PYTHON_9.3 #</Process><Process ToolSource="d:\softwares\arcgis\desktop10.2\ArcToolbox\Toolboxes\Data Management Tools.tbx\CalculateField" Date="20200220" Time="161437">CalculateField Country Country_EN 'Iran' PYTHON_9.3 #</Process><Process ToolSource="d:\softwares\arcgis\desktop10.2\ArcToolbox\Toolboxes\Data Management Tools.tbx\CalculateField" Date="20200224" Time="140622">CalculateField Country0220 Country_CH '以色列' PYTHON_9.3 #</Process><Process ToolSource="d:\softwares\arcgis\desktop10.2\ArcToolbox\Toolboxes\Data Management Tools.tbx\CalculateField" Date="20200224" Time="140635">CalculateField Country0220 Country_EN !CNTRY_NAME! PYTHON_9.3 #</Process><Process ToolSource="d:\softwares\arcgis\desktop10.2\ArcToolbox\Toolboxes\Data Management Tools.tbx\CalculateField" Date="20200224" Time="140739">CalculateField Country0220 Country_CH '黎巴嫩' PYTHON_9.3 #</Process><Process ToolSource="d:\softwares\arcgis\desktop10.2\ArcToolbox\Toolboxes\Data Management Tools.tbx\CalculateField" Date="20200224" Time="140750">CalculateField Country0220 Country_EN !CNTRY_NAME! PYTHON_9.3 #</Process><Process ToolSource="d:\softwares\arcgis\desktop10.2\ArcToolbox\Toolboxes\Data Management Tools.tbx\CalculateField" Date="20200302" Time="142930">CalculateField Country0220 Country_CH '阿尔及利亚' PYTHON_9.3 #</Process><Process ToolSource="d:\softwares\arcgis\desktop10.2\ArcToolbox\Toolboxes\Data Management Tools.tbx\CalculateField" Date="20200302" Time="143051">CalculateField Country0220 Country_CH '阿富汗' PYTHON_9.3 #</Process><Process ToolSource="d:\softwares\arcgis\desktop10.2\ArcToolbox\Toolboxes\Data Management Tools.tbx\CalculateField" Date="20200302" Time="143323">CalculateField Country0220 Country_CH '阿曼' PYTHON_9.3 #</Process><Process ToolSource="d:\softwares\arcgis\desktop10.2\ArcToolbox\Toolboxes\Data Management Tools.tbx\CalculateField" Date="20200302" Time="143354">CalculateField Country0220 Country_CH '爱沙尼亚' PYTHON_9.3 #</Process><Process ToolSource="d:\softwares\arcgis\desktop10.2\ArcToolbox\Toolboxes\Data Management Tools.tbx\CalculateField" Date="20200302" Time="143431">CalculateField Country0220 Country_CH '奥地利' PYTHON_9.3 #</Process><Process ToolSource="d:\softwares\arcgis\desktop10.2\ArcToolbox\Toolboxes\Data Management Tools.tbx\CalculateField" Date="20200302" Time="143508">CalculateField Country0220 Country_CH '巴林' PYTHON_9.3 #</Process><Process ToolSource="d:\softwares\arcgis\desktop10.2\ArcToolbox\Toolboxes\Data Management Tools.tbx\CalculateField" Date="20200302" Time="143538">CalculateField Country0220 Country_CH '巴西' PYTHON_9.3 #</Process><Process ToolSource="d:\softwares\arcgis\desktop10.2\ArcToolbox\Toolboxes\Data Management Tools.tbx\CalculateField" Date="20200302" Time="143718">CalculateField Country0220 Country_CH '丹麦' PYTHON_9.3 #</Process><Process ToolSource="d:\softwares\arcgis\desktop10.2\ArcToolbox\Toolboxes\Data Management Tools.tbx\CalculateField" Date="20200302" Time="143854">CalculateField Country0220 Country_CH '格鲁吉亚' PYTHON_9.3 #</Process><Process ToolSource="d:\softwares\arcgis\desktop10.2\ArcToolbox\Toolboxes\Data Management Tools.tbx\CalculateField" Date="20200302" Time="144024">CalculateField Country0220 Country_CH '荷兰' PYTHON_9.3 #</Process><Process ToolSource="d:\softwares\arcgis\desktop10.2\ArcToolbox\Toolboxes\Data Management Tools.tbx\CalculateField" Date="20200302" Time="144117">CalculateField Country0220 Country_CH '科威特' PYTHON_9.3 #</Process><Process ToolSource="d:\softwares\arcgis\desktop10.2\ArcToolbox\Toolboxes\Data Management Tools.tbx\CalculateField" Date="20200302" Time="144143">CalculateField Country0220 Country_CH '克罗地亚' PYTHON_9.3 #</Process><Process ToolSource="d:\softwares\arcgis\desktop10.2\ArcToolbox\Toolboxes\Data Management Tools.tbx\CalculateField" Date="20200302" Time="144226">CalculateField Country0220 Country_CH '罗马尼亚' PYTHON_9.3 #</Process><Process ToolSource="d:\softwares\arcgis\desktop10.2\ArcToolbox\Toolboxes\Data Management Tools.tbx\CalculateField" Date="20200302" Time="144616">CalculateField Country0220 Country_CH '挪威' PYTHON_9.3 #</Process><Process ToolSource="d:\softwares\arcgis\desktop10.2\ArcToolbox\Toolboxes\Data Management Tools.tbx\CalculateField" Date="20200302" Time="144737">CalculateField Country0220 Country_CH '瑞士' PYTHON_9.3 #</Process><Process ToolSource="d:\softwares\arcgis\desktop10.2\ArcToolbox\Toolboxes\Data Management Tools.tbx\CalculateField" Date="20200302" Time="144850">CalculateField Country0220 Country_CH '希腊' PYTHON_9.3 #</Process><Process ToolSource="d:\softwares\arcgis\desktop10.2\ArcToolbox\Toolboxes\Data Management Tools.tbx\CalculateField" Date="20200302" Time="144932">CalculateField Country0220 Country_CH '伊拉克' PYTHON_9.3 #</Process><Process ToolSource="d:\softwares\arcgis\desktop10.2\ArcToolbox\Toolboxes\Data Management Tools.tbx\CalculateField" Date="20200302" Time="145322">CalculateField Country0220 Country_CH '北马其顿' PYTHON_9.3 #</Process></lineage></DataProperties></Esri></metadata>
